CAD_INCIDENT_ID,INCIDENT_DATETIME,INCIDENT_DISPATCH_AREA,BOROUGH,INCIDENT_RESPONSE_SECONDS_QY,INCIDENT_TRAVEL_TM_SECONDS_QY,DISPATCH_RESPONSE_SECONDS_QY,FINAL_SEVERITY_LEVEL_CODE,HELD_INDICATOR,VALID_INCIDENT_RSPNS_TIME_INDC,VALID_DISPATCH_RSPNS_TIME_INDC,REOPEN_INDICATOR,TRANSFER_INDICATOR,STANDBY_INDICATOR
78333225,2023-10-02T00:00:20.000,Q3,QUEENS,387,366,21,4,N,Y,Y,N,N,N
78333227,2023-10-02T00:00:33.000,M3,MANHATTAN,31999,1393,30606,8,Y,Y,Y,Y,N,Y
78333228,2023-10-02T00:00:37.000,Q7,QUEENS,313,298,15,6,N,Y,Y,N,N,N
78333433,2023-10-02T01:00:03.000,M9,MANHATTAN,389,306,83,4,N,Y,Y,N,N,N
78333435,2023-10-02T01:00:33.000,Q6,QUEENS,393,317,76,5,N,Y,Y,N,N,N
78333436,2023-10-02T01:00:39.000,M9,MANHATTAN,685,639,46,4,N,Y,Y,N,N,N
78333595,2023-10-02T02:00:03.000,K7,BROOKLYN,1108,1093,15,4,N,Y,Y,N,N,N
78333596,2023-10-02T02:00:43.000,M2,MANHATTAN,427,414,13,6,N,Y,Y,N,N,N
78333598,2023-10-02T02:03:51.000,K7,BROOKLYN,202,185,17,7,N,Y,Y,N,N,N
78333723,2023-10-02T03:00:41.000,K1,BROOKLYN,549,514,35,6,N,Y,Y,N,N,N
78333724,2023-10-02T03:01:10.000,B2,BRONX,202,174,28,3,N,Y,Y,N,N,N
78333725,2023-10-02T03:01:35.000,K1,BROOKLYN,745,727,18,5,N,Y,Y,N,N,N
78333850,2023-10-02T04:00:02.000,B2,BRONX,523,343,180,3,N,Y,Y,N,N,N
78333851,2023-10-02T04:00:12.000,B4,BRONX,919,756,163,6,N,Y,Y,N,N,N
78333852,2023-10-02T04:00:40.000,B2,BRONX,2902,1528,1374,5,Y,Y,Y,N,N,N
78333958,2023-10-02T05:00:02.000,K1,BROOKLYN,470,448,22,3,N,Y,Y,N,N,N
78333959,2023-10-02T05:00:08.000,B2,BRONX,567,546,21,2,N,Y,Y,N,N,N
78333960,2023-10-02T05:00:18.000,M2,MANHATTAN,654,595,59,4,N,Y,Y,N,N,N
78334065,2023-10-02T06:00:36.000,K1,BROOKLYN,318,309,9,4,N,Y,Y,N,N,N
78334067,2023-10-02T06:01:02.000,K2,BROOKLYN,496,488,8,6,N,Y,Y,N,N,N
78334068,2023-10-02T06:01:03.000,Q4,QUEENS,1463,1298,165,2,N,Y,Y,N,N,N
78334232,2023-10-02T07:00:20.000,S1,RICHMOND / STATEN ISLAND,619,606,13,7,N,Y,Y,N,N,N
78334233,2023-10-02T07:01:15.000,B1,BRONX,634,423,211,2,N,Y,Y,N,N,N
78334234,2023-10-02T07:01:16.000,Q6,QUEENS,853,838,15,2,N,Y,Y,N,N,N
78334417,2023-10-02T08:00:31.000,Q5,QUEENS,373,363,10,2,N,Y,Y,N,N,N
78334418,2023-10-02T08:00:59.000,B1,BRONX,1905,834,1071,4,Y,Y,Y,N,N,N
78334419,2023-10-02T08:01:39.000,B2,BRONX,909,383,526,4,Y,Y,Y,N,N,N
78334660,2023-10-02T09:00:01.000,M5,MANHATTAN,1633,745,888,5,Y,Y,Y,N,N,N
78334661,2023-10-02T09:00:03.000,K6,BROOKLYN,521,509,12,3,N,Y,Y,N,N,N
78334662,2023-10-02T09:00:18.000,K6,BROOKLYN,1353,1319,34,5,N,Y,Y,N,N,N
78334944,2023-10-02T10:00:17.000,K5,BROOKLYN,826,781,45,4,N,Y,Y,N,N,N
78334945,2023-10-02T10:00:45.000,Q6,QUEENS,907,570,337,5,N,Y,Y,N,N,N
78334947,2023-10-02T10:01:19.000,B4,BRONX,4372,903,3469,6,Y,Y,Y,N,N,N
78335220,2023-10-02T11:00:40.000,Q2,QUEENS,717,688,29,5,N,Y,Y,N,N,N
78335221,2023-10-02T11:00:44.000,Q2,QUEENS,0,0,0,5,N,Y,Y,N,N,N
78335222,2023-10-02T11:01:05.000,B3,BRONX,161,128,33,4,N,Y,Y,N,N,N
78335506,2023-10-02T12:00:13.000,M3,MANHATTAN,635,533,102,7,Y,Y,Y,N,N,N
78335507,2023-10-02T12:00:22.000,K1,BROOKLYN,962,595,367,5,Y,Y,Y,N,N,N
78335508,2023-10-02T12:00:27.000,K5,BROOKLYN,681,591,90,5,Y,Y,Y,N,N,N
78335813,2023-10-02T13:00:06.000,M4,MANHATTAN,1703,1649,54,6,N,Y,Y,N,N,N
78335814,2023-10-02T13:00:08.000,S1,RICHMOND / STATEN ISLAND,407,393,14,2,N,Y,Y,N,N,N
78335815,2023-10-02T13:00:22.000,M1,MANHATTAN,5134,917,4217,5,Y,Y,Y,N,N,N
78336134,2023-10-02T14:00:04.000,Q5,QUEENS,409,379,30,6,N,Y,Y,N,N,N
78336136,2023-10-02T14:00:25.000,B4,BRONX,1054,528,526,6,Y,Y,Y,N,N,N
78336137,2023-10-02T14:00:28.000,B1,BRONX,756,647,109,2,N,Y,Y,N,N,N
78336479,2023-10-02T15:00:22.000,Q1,QUEENS,222,164,58,5,N,Y,Y,N,N,N
78336480,2023-10-02T15:00:55.000,Q6,QUEENS,323,296,27,2,N,Y,Y,N,N,N
78336482,2023-10-02T15:01:12.000,K7,BROOKLYN,5521,3843,1678,5,Y,Y,Y,N,N,N
78336845,2023-10-02T16:00:22.000,M7,MANHATTAN,124,79,45,2,N,Y,Y,N,N,N
78336847,2023-10-02T16:00:52.000,K6,BROOKLYN,272,260,12,3,N,Y,Y,N,N,N
78336850,2023-10-02T16:01:34.000,K7,BROOKLYN,3052,2395,657,3,Y,Y,Y,N,N,N
78337175,2023-10-02T17:00:05.000,S2,RICHMOND / STATEN ISLAND,834,784,50,5,N,Y,Y,N,N,N
78337176,2023-10-02T17:00:06.000,K2,BROOKLYN,348,331,17,2,N,Y,Y,N,N,N
78337177,2023-10-02T17:00:20.000,K2,BROOKLYN,2028,2007,21,4,N,Y,Y,N,N,N
78337481,2023-10-02T18:00:04.000,K3,BROOKLYN,325,282,43,2,N,Y,Y,N,N,N
78337482,2023-10-02T18:00:19.000,K6,BROOKLYN,507,314,193,3,N,Y,Y,N,N,N
78337483,2023-10-02T18:00:38.000,K4,BROOKLYN,500,293,207,2,N,Y,Y,N,N,N
78337782,2023-10-02T19:00:00.000,K5,BROOKLYN,2304,1724,580,4,Y,Y,Y,N,N,N
78337784,2023-10-02T19:00:28.000,M1,MANHATTAN,625,617,8,7,N,Y,Y,N,N,N
78337785,2023-10-02T19:00:39.000,K4,BROOKLYN,4284,596,3688,5,Y,Y,Y,N,N,N
78338078,2023-10-02T20:00:08.000,Q4,QUEENS,1355,1342,13,7,Y,Y,Y,N,N,N
78338079,2023-10-02T20:00:18.000,B1,BRONX,3921,657,3264,5,Y,Y,Y,N,N,N
78338081,2023-10-02T20:01:20.000,K2,BROOKLYN,461,428,33,2,N,Y,Y,N,N,N
78338325,2023-10-02T21:00:08.000,K4,BROOKLYN,3708,3077,631,6,Y,Y,Y,N,N,N
78338326,2023-10-02T21:00:39.000,M6,MANHATTAN,300,281,19,2,N,Y,Y,N,N,N
78338327,2023-10-02T21:00:45.000,K4,BROOKLYN,478,455,23,3,N,Y,Y,N,N,N
78338592,2023-10-02T22:00:00.000,M2,MANHATTAN,335,306,29,6,N,Y,Y,N,N,N
78338593,2023-10-02T22:00:09.000,Q2,QUEENS,308,283,25,6,N,Y,Y,N,N,N
78338594,2023-10-02T22:00:20.000,B3,BRONX,2905,1199,1706,6,Y,Y,Y,N,N,N
78338835,2023-10-02T23:00:01.000,M3,MANHATTAN,362,347,15,1,N,Y,Y,N,N,N
78338836,2023-10-02T23:00:32.000,Q6,QUEENS,1078,1070,8,3,N,Y,Y,N,N,N
78338838,2023-10-02T23:01:09.000,Q6,QUEENS,193,136,57,2,N,Y,Y,N,N,N
78339039,2023-10-03T00:00:05.000,M7,MANHATTAN,205,177,28,2,N,Y,Y,N,N,N
78339040,2023-10-03T00:00:08.000,M7,MANHATTAN,27772,5304,22468,8,Y,Y,Y,Y,N,Y
78339042,2023-10-03T00:00:17.000,B3,BRONX,32100,1267,30833,8,N,Y,Y,Y,N,Y
78339259,2023-10-03T01:00:00.000,K2,BROOKLYN,378,374,4,2,N,Y,Y,N,N,N
78339260,2023-10-03T01:00:03.000,B1,BRONX,183,166,17,6,N,Y,Y,N,N,N
78339261,2023-10-03T01:00:06.000,K2,BROOKLYN,357,351,6,4,N,Y,Y,N,N,N
78339419,2023-10-03T02:00:52.000,M3,MANHATTAN,240,223,17,5,N,Y,Y,N,N,N
78339420,2023-10-03T02:01:05.000,K5,BROOKLYN,837,776,61,2,N,Y,Y,N,N,N
78339421,2023-10-03T02:01:18.000,Q3,QUEENS,296,288,8,6,N,Y,Y,N,N,N
78339549,2023-10-03T03:01:23.000,K5,BROOKLYN,532,526,6,6,N,Y,Y,N,N,N
78339550,2023-10-03T03:02:20.000,K1,BROOKLYN,244,204,40,2,N,Y,Y,N,N,N
78339551,2023-10-03T03:02:39.000,Q4,QUEENS,562,553,9,2,N,Y,Y,N,N,N
78339652,2023-10-03T04:00:47.000,Q6,QUEENS,602,584,18,3,N,Y,Y,N,N,N
78339654,2023-10-03T04:03:57.000,B4,BRONX,658,631,27,6,N,Y,Y,N,N,N
78339655,2023-10-03T04:04:15.000,Q6,QUEENS,606,589,17,2,N,Y,Y,N,N,N
78339749,2023-10-03T05:01:06.000,Q7,QUEENS,403,377,26,5,N,Y,Y,N,N,N
78339750,2023-10-03T05:01:30.000,K2,BROOKLYN,501,487,14,4,N,Y,Y,N,N,N
78339751,2023-10-03T05:02:31.000,Q3,QUEENS,381,369,12,6,N,Y,Y,N,N,N
78339869,2023-10-03T06:00:11.000,Q6,QUEENS,674,649,25,4,N,Y,Y,N,N,N
78339870,2023-10-03T06:00:37.000,K3,BROOKLYN,385,321,64,6,N,Y,Y,N,N,N
78339871,2023-10-03T06:01:13.000,K6,BROOKLYN,775,666,109,6,N,Y,Y,N,N,N
78340004,2023-10-03T07:00:21.000,Q6,QUEENS,1333,1299,34,2,N,Y,Y,N,N,N
78340006,2023-10-03T07:02:51.000,B4,BRONX,1009,1003,6,5,N,Y,Y,N,N,N
78340007,2023-10-03T07:04:15.000,K2,BROOKLYN,244,227,17,4,N,Y,Y,N,N,N
78340185,2023-10-03T08:01:22.000,K4,BROOKLYN,312,301,11,2,N,Y,Y,N,N,N
78340186,2023-10-03T08:01:23.000,K4,BROOKLYN,604,588,16,2,N,Y,Y,N,N,N
78340187,2023-10-03T08:01:26.000,Q7,QUEENS,607,590,17,1,N,Y,Y,N,N,N
78340428,2023-10-03T09:00:12.000,B2,BRONX,680,467,213,5,Y,Y,Y,N,N,N
78340430,2023-10-03T09:00:26.000,M3,MANHATTAN,855,825,30,3,N,Y,Y,N,N,N
78340433,2023-10-03T09:01:28.000,B2,BRONX,484,454,30,6,N,Y,Y,N,N,N
78340733,2023-10-03T10:00:19.000,M6,MANHATTAN,635,417,218,5,Y,Y,Y,N,N,N
78340735,2023-10-03T10:00:52.000,Q6,QUEENS,654,611,43,2,N,Y,Y,N,N,N
78340736,2023-10-03T10:01:06.000,K4,BROOKLYN,579,439,140,3,N,Y,Y,N,N,N
78341052,2023-10-03T11:00:04.000,K2,BROOKLYN,1621,1575,46,6,N,Y,Y,N,N,N
78341053,2023-10-03T11:00:20.000,K7,BROOKLYN,363,327,36,3,N,Y,Y,N,N,N
78341055,2023-10-03T11:00:34.000,Q3,QUEENS,883,862,21,6,N,Y,Y,N,N,N
78341324,2023-10-03T12:00:08.000,S1,RICHMOND / STATEN ISLAND,378,364,14,7,N,Y,Y,N,N,N
78341325,2023-10-03T12:00:28.000,Q2,QUEENS,648,636,12,4,N,Y,Y,N,N,N
78341327,2023-10-03T12:00:56.000,K4,BROOKLYN,942,892,50,4,N,Y,Y,N,N,N
78341654,2023-10-03T13:00:07.000,Q6,QUEENS,389,373,16,3,N,Y,Y,N,N,N
78341655,2023-10-03T13:00:19.000,K2,BROOKLYN,1243,1201,42,7,N,Y,Y,N,N,N
78341657,2023-10-03T13:00:49.000,B4,BRONX,334,249,85,3,N,Y,Y,N,N,N
78341970,2023-10-03T14:00:46.000,Q2,QUEENS,582,560,22,1,N,Y,Y,N,N,N
78341973,2023-10-03T14:01:08.000,B3,BRONX,363,355,8,5,N,Y,Y,N,N,N
78341974,2023-10-03T14:01:10.000,K1,BROOKLYN,357,198,159,3,N,Y,Y,N,N,N
78342285,2023-10-03T15:00:26.000,B2,BRONX,644,632,12,3,N,Y,Y,N,N,N
78342287,2023-10-03T15:00:41.000,B2,BRONX,1854,1020,834,6,Y,Y,Y,N,N,N
78342289,2023-10-03T15:01:00.000,B3,BRONX,2188,1019,1169,7,Y,Y,Y,N,N,N
78342632,2023-10-03T16:00:03.000,M5,MANHATTAN,854,603,251,3,Y,Y,Y,N,N,N
78342633,2023-10-03T16:00:04.000,K6,BROOKLYN,158,131,27,2,N,Y,Y,N,N,N
78342634,2023-10-03T16:00:10.000,Q6,QUEENS,860,789,71,2,N,Y,Y,N,N,N
78342970,2023-10-03T17:00:20.000,Q6,QUEENS,3218,1953,1265,6,Y,Y,Y,N,N,N
78342971,2023-10-03T17:00:35.000,Q1,QUEENS,456,333,123,4,N,Y,Y,N,N,N
78342972,2023-10-03T17:00:42.000,M2,MANHATTAN,1153,1139,14,4,N,Y,Y,N,N,N
78343298,2023-10-03T18:00:09.000,B4,BRONX,2217,839,1378,3,Y,Y,Y,N,N,N
78343299,2023-10-03T18:00:26.000,K1,BROOKLYN,995,974,21,3,N,Y,Y,N,N,N
78343300,2023-10-03T18:00:42.000,M2,MANHATTAN,290,282,8,2,N,Y,Y,N,N,N
78343620,2023-10-03T19:00:08.000,B2,BRONX,1704,888,816,4,Y,Y,Y,N,N,N
78343621,2023-10-03T19:00:39.000,M2,MANHATTAN,1159,265,894,4,Y,Y,Y,N,N,N
78343622,2023-10-03T19:00:48.000,Q5,QUEENS,943,916,27,7,N,Y,Y,N,N,N
78343939,2023-10-03T20:00:34.000,M5,MANHATTAN,370,364,6,2,N,Y,Y,N,N,N
78343940,2023-10-03T20:00:35.000,K5,BROOKLYN,1006,982,24,5,N,Y,Y,N,N,N
78343942,2023-10-03T20:00:59.000,K4,BROOKLYN,475,460,15,2,N,Y,Y,N,N,N
78344214,2023-10-03T21:00:25.000,K5,BROOKLYN,536,493,43,6,N,Y,Y,N,N,N
78344215,2023-10-03T21:00:34.000,B2,BRONX,2211,1079,1132,5,Y,Y,Y,N,N,N
78344216,2023-10-03T21:00:39.000,M1,MANHATTAN,346,317,29,6,N,Y,Y,N,N,N
78344487,2023-10-03T22:00:48.000,M1,MANHATTAN,228,210,18,2,N,Y,Y,N,N,N
78344488,2023-10-03T22:01:01.000,Q2,QUEENS,277,254,23,4,N,Y,Y,N,N,N
78344489,2023-10-03T22:01:10.000,M5,MANHATTAN,367,343,24,2,N,Y,Y,N,N,N
78344734,2023-10-03T23:00:17.000,Q6,QUEENS,713,677,36,6,N,Y,Y,N,N,N
78344735,2023-10-03T23:00:20.000,M3,MANHATTAN,574,566,8,2,N,Y,Y,N,N,N
78344736,2023-10-03T23:00:33.000,B4,BRONX,1385,397,988,6,N,Y,Y,N,N,N
78344921,2023-10-04T00:00:14.000,B3,BRONX,29294,1849,27445,8,N,Y,Y,Y,N,Y
78344922,2023-10-04T00:00:16.000,Q3,QUEENS,18833,787,18046,8,N,Y,Y,Y,N,N
78344923,2023-10-04T00:00:18.000,K6,BROOKLYN,25171,2817,22354,8,N,Y,Y,Y,N,Y
78345119,2023-10-04T01:00:06.000,K4,BROOKLYN,513,489,24,4,N,Y,Y,N,N,N
78345120,2023-10-04T01:00:13.000,Q4,QUEENS,350,294,56,5,N,Y,Y,N,N,N
78345121,2023-10-04T01:00:22.000,M1,MANHATTAN,542,528,14,3,N,Y,Y,N,N,N
78345272,2023-10-04T02:00:03.000,K7,BROOKLYN,806,787,19,3,N,Y,Y,N,N,N
78345273,2023-10-04T02:00:14.000,K2,BROOKLYN,208,181,27,5,N,Y,Y,N,N,N
78345275,2023-10-04T02:00:51.000,Q6,QUEENS,256,241,15,4,N,Y,Y,N,N,N
78345400,2023-10-04T03:01:09.000,Q7,QUEENS,186,174,12,4,N,Y,Y,N,N,N
78345401,2023-10-04T03:01:29.000,K5,BROOKLYN,541,522,19,7,N,Y,Y,N,N,N
78345402,2023-10-04T03:02:05.000,M2,MANHATTAN,476,407,69,3,N,Y,Y,N,N,N
78345506,2023-10-04T04:00:04.000,K6,BROOKLYN,475,469,6,5,N,Y,Y,N,N,N
78345507,2023-10-04T04:00:12.000,Q3,QUEENS,516,494,22,7,N,Y,Y,N,N,N
78345508,2023-10-04T04:00:21.000,B5,BRONX,436,391,45,4,N,Y,Y,N,N,N
78345614,2023-10-04T05:01:55.000,M1,MANHATTAN,255,232,23,6,N,Y,Y,N,N,N
78345615,2023-10-04T05:03:40.000,Q4,QUEENS,351,250,101,5,N,Y,Y,N,N,N
78345616,2023-10-04T05:04:08.000,K7,BROOKLYN,481,438,43,6,N,Y,Y,N,N,N
78345707,2023-10-04T06:00:34.000,K1,BROOKLYN,864,856,8,4,N,Y,Y,N,N,N
78345708,2023-10-04T06:01:08.000,K4,BROOKLYN,916,877,39,4,N,Y,Y,N,N,N
78345710,2023-10-04T06:03:37.000,M1,MANHATTAN,304,293,11,4,N,Y,Y,N,N,N
78345848,2023-10-04T07:00:06.000,K1,BROOKLYN,239,212,27,3,N,Y,Y,N,N,N
78345849,2023-10-04T07:00:22.000,B1,BRONX,3413,3358,55,5,Y,Y,Y,N,N,N
78345850,2023-10-04T07:00:26.000,K4,BROOKLYN,869,859,10,6,N,Y,Y,N,N,N
78346024,2023-10-04T08:00:17.000,M5,MANHATTAN,542,522,20,5,N,Y,Y,N,N,N
78346025,2023-10-04T08:00:26.000,M2,MANHATTAN,316,258,58,7,N,Y,Y,N,N,N
78346026,2023-10-04T08:00:28.000,B3,BRONX,356,340,16,3,N,Y,Y,N,N,N
78346254,2023-10-04T09:00:10.000,K7,BROOKLYN,1242,1233,9,4,N,Y,Y,N,N,N
78346255,2023-10-04T09:00:17.000,M1,MANHATTAN,856,846,10,6,N,Y,Y,N,N,N
78346256,2023-10-04T09:00:24.000,M3,MANHATTAN,673,666,7,6,N,Y,Y,N,N,N
78346530,2023-10-04T10:00:08.000,K2,BROOKLYN,296,279,17,2,N,Y,Y,N,N,N
78346531,2023-10-04T10:00:18.000,M4,MANHATTAN,904,413,491,6,Y,Y,Y,N,N,N
78346532,2023-10-04T10:00:19.000,M9,MANHATTAN,304,289,15,3,N,Y,Y,N,N,N
78346834,2023-10-04T11:00:03.000,M9,MANHATTAN,14587,379,14208,6,Y,Y,Y,N,N,N
78346835,2023-10-04T11:00:16.000,B2,BRONX,26,19,7,2,N,Y,Y,N,N,N
78346836,2023-10-04T11:00:29.000,Q3,QUEENS,507,492,15,6,N,Y,Y,N,N,N
78347163,2023-10-04T12:00:08.000,M2,MANHATTAN,281,268,13,7,N,Y,Y,N,N,N
78347166,2023-10-04T12:00:48.000,B4,BRONX,645,524,121,3,N,Y,Y,N,N,N
78347168,2023-10-04T12:01:04.000,K3,BROOKLYN,386,365,21,6,Y,Y,Y,N,N,N
78347462,2023-10-04T13:00:03.000,M7,MANHATTAN,4108,2576,1532,6,Y,Y,Y,N,N,N
78347463,2023-10-04T13:00:09.000,M7,MANHATTAN,467,401,66,6,N,Y,Y,N,N,N
78347465,2023-10-04T13:01:08.000,S1,RICHMOND / STATEN ISLAND,458,449,9,2,N,Y,Y,N,N,N
78347768,2023-10-04T14:00:18.000,K3,BROOKLYN,214,199,15,2,Y,Y,Y,N,N,N
78347770,2023-10-04T14:00:24.000,K4,BROOKLYN,559,511,48,5,N,Y,Y,N,N,N
78347771,2023-10-04T14:00:26.000,M2,MANHATTAN,1142,336,806,5,Y,Y,Y,N,N,N
78348119,2023-10-04T15:00:02.000,K7,BROOKLYN,343,266,77,3,N,Y,Y,N,N,N
78348120,2023-10-04T15:00:02.000,M5,MANHATTAN,811,497,314,4,Y,Y,Y,N,N,N
78348121,2023-10-04T15:00:15.000,B1,BRONX,617,527,90,5,N,Y,Y,N,N,N
78348438,2023-10-04T16:00:41.000,B1,BRONX,783,757,26,2,N,Y,Y,N,N,N
78348439,2023-10-04T16:00:48.000,K1,BROOKLYN,1227,1177,50,2,N,Y,Y,N,N,N
78348440,2023-10-04T16:00:48.000,S1,RICHMOND / STATEN ISLAND,218,205,13,4,N,Y,Y,N,N,N
78348779,2023-10-04T17:00:05.000,Q4,QUEENS,1492,1410,82,4,N,Y,Y,N,N,N
78348780,2023-10-04T17:00:56.000,B3,BRONX,1191,483,708,4,Y,Y,Y,N,N,N
78348781,2023-10-04T17:01:09.000,B2,BRONX,1639,1492,147,5,Y,Y,Y,N,N,N
78349106,2023-10-04T18:00:01.000,S1,RICHMOND / STATEN ISLAND,15,5,10,3,N,Y,Y,N,N,N
78349109,2023-10-04T18:00:34.000,M1,MANHATTAN,340,244,96,2,N,Y,Y,N,N,N
78349110,2023-10-04T18:00:40.000,Q6,QUEENS,735,660,75,4,N,Y,Y,N,N,N
78349426,2023-10-04T19:00:03.000,S2,RICHMOND / STATEN ISLAND,626,519,107,3,N,Y,Y,N,N,N
78349428,2023-10-04T19:00:38.000,K2,BROOKLYN,945,887,58,5,N,Y,Y,N,N,N
78349429,2023-10-04T19:00:46.000,Q1,QUEENS,315,293,22,3,N,Y,Y,N,N,N
78349714,2023-10-04T20:00:19.000,B1,BRONX,1235,627,608,5,Y,Y,Y,N,N,N
78349715,2023-10-04T20:00:20.000,B1,BRONX,2550,677,1873,7,Y,Y,Y,N,N,N
78349716,2023-10-04T20:00:22.000,K4,BROOKLYN,401,284,117,5,N,Y,Y,N,N,N
78349989,2023-10-04T21:00:02.000,Q6,QUEENS,296,257,39,2,N,Y,Y,N,N,N
78349990,2023-10-04T21:00:04.000,S1,RICHMOND / STATEN ISLAND,604,511,93,5,N,Y,Y,N,N,N
78349991,2023-10-04T21:00:20.000,S1,RICHMOND / STATEN ISLAND,701,613,88,5,N,Y,Y,N,N,N
78350252,2023-10-04T22:00:23.000,Q5,QUEENS,353,338,15,5,N,Y,Y,N,N,N
78350253,2023-10-04T22:00:29.000,K7,BROOKLYN,470,458,12,4,N,Y,Y,N,N,N
78350255,2023-10-04T22:01:17.000,Q5,QUEENS,638,632,6,4,N,Y,Y,N,N,N
78350490,2023-10-04T23:00:32.000,M2,MANHATTAN,344,330,14,2,N,Y,Y,N,N,N
78350491,2023-10-04T23:00:58.000,M7,MANHATTAN,1755,565,1190,5,Y,Y,Y,N,N,N
78350492,2023-10-04T23:01:04.000,M8,MANHATTAN,456,333,123,2,N,Y,Y,N,N,N
78350687,2023-10-05T00:00:25.000,B2,BRONX,494,329,165,6,N,Y,Y,Y,N,N
78350688,2023-10-05T00:00:51.000,K6,BROOKLYN,227,212,15,5,N,Y,Y,N,N,N
78350689,2023-10-05T00:01:16.000,M3,MANHATTAN,849,754,95,6,N,Y,Y,N,N,N
78350858,2023-10-05T01:00:01.000,K1,BROOKLYN,455,336,119,3,N,Y,Y,N,N,N
78350859,2023-10-05T01:00:08.000,M2,MANHATTAN,679,666,13,4,N,Y,Y,N,N,N
78350860,2023-10-05T01:00:13.000,M5,MANHATTAN,661,603,58,5,N,Y,Y,N,N,N
78351017,2023-10-05T02:01:37.000,M3,MANHATTAN,545,524,21,5,N,Y,Y,N,N,N
78351018,2023-10-05T02:01:54.000,Q6,QUEENS,465,455,10,2,N,Y,Y,N,N,N
78351019,2023-10-05T02:02:20.000,K4,BROOKLYN,359,351,8,3,N,Y,Y,N,N,N
78351148,2023-10-05T03:00:12.000,K2,BROOKLYN,334,316,18,4,N,Y,Y,N,N,N
78351149,2023-10-05T03:00:17.000,K2,BROOKLYN,416,396,20,2,N,Y,Y,N,N,N
78351150,2023-10-05T03:00:22.000,B1,BRONX,296,269,27,6,N,Y,Y,N,N,N
78351268,2023-10-05T04:00:18.000,Q2,QUEENS,468,439,29,3,N,Y,Y,N,N,N
78351269,2023-10-05T04:00:29.000,Q5,QUEENS,371,332,39,3,N,Y,Y,N,N,N
78351270,2023-10-05T04:00:36.000,K2,BROOKLYN,365,351,14,7,N,Y,Y,N,N,N
78351372,2023-10-05T05:00:39.000,B4,BRONX,434,389,45,2,N,Y,Y,N,N,N
78351373,2023-10-05T05:01:09.000,B3,BRONX,788,750,38,4,N,Y,Y,N,N,N
78351374,2023-10-05T05:01:53.000,K6,BROOKLYN,436,396,40,2,N,Y,Y,N,N,N
78351479,2023-10-05T06:00:40.000,M1,MANHATTAN,320,310,10,2,N,Y,Y,N,N,N
78351480,2023-10-05T06:01:25.000,K4,BROOKLYN,1262,1241,21,7,N,Y,Y,N,N,N
78351481,2023-10-05T06:01:49.000,Q5,QUEENS,441,428,13,2,N,Y,Y,N,N,N
78351603,2023-10-05T07:00:21.000,M7,MANHATTAN,409,391,18,4,N,Y,Y,N,N,N
78351604,2023-10-05T07:01:19.000,M7,MANHATTAN,505,482,23,5,N,Y,Y,N,N,N
78351607,2023-10-05T07:02:47.000,Q2,QUEENS,2430,2292,138,5,Y,Y,Y,N,N,N
78351793,2023-10-05T08:00:06.000,B5,BRONX,0,0,0,6,N,Y,Y,N,N,N
78351795,2023-10-05T08:02:23.000,M5,MANHATTAN,494,464,30,2,N,Y,Y,N,N,N
78351796,2023-10-05T08:02:24.000,Q1,QUEENS,303,294,9,2,N,Y,Y,N,N,N
78352017,2023-10-05T09:00:12.000,M2,MANHATTAN,349,268,81,3,N,Y,Y,N,N,N
78352018,2023-10-05T09:00:18.000,Q6,QUEENS,678,670,8,4,N,Y,Y,N,N,N
78352020,2023-10-05T09:00:58.000,K4,BROOKLYN,765,738,27,2,N,Y,Y,N,N,N
78352326,2023-10-05T10:00:23.000,Q2,QUEENS,1900,1597,303,7,N,Y,Y,N,N,N
78352327,2023-10-05T10:00:24.000,Q6,QUEENS,622,579,43,3,Y,Y,Y,N,N,N
78352328,2023-10-05T10:00:30.000,Q4,QUEENS,462,439,23,5,N,Y,Y,N,N,N
78352608,2023-10-05T11:00:28.000,M3,MANHATTAN,270,257,13,1,N,Y,Y,N,N,N
78352609,2023-10-05T11:00:33.000,K4,BROOKLYN,295,277,18,5,N,Y,Y,N,N,N
78352611,2023-10-05T11:00:41.000,Q1,QUEENS,414,304,110,1,N,Y,Y,N,N,N
78352930,2023-10-05T12:00:20.000,K6,BROOKLYN,1744,1737,7,6,N,Y,Y,N,N,N
78352931,2023-10-05T12:00:24.000,Q2,QUEENS,219,183,36,4,N,Y,Y,N,N,N
78352932,2023-10-05T12:00:27.000,B2,BRONX,3669,3584,85,6,Y,Y,Y,N,N,N
78353221,2023-10-05T13:00:09.000,K6,BROOKLYN,598,555,43,5,N,Y,Y,N,N,N
78353224,2023-10-05T13:00:25.000,B1,BRONX,1854,1547,307,3,Y,Y,Y,N,N,N
78353225,2023-10-05T13:00:56.000,M1,MANHATTAN,3701,3056,645,4,Y,Y,Y,N,N,N
78353538,2023-10-05T14:00:44.000,M3,MANHATTAN,15232,1824,13408,7,Y,Y,Y,N,N,N
78353539,2023-10-05T14:00:53.000,K4,BROOKLYN,338,290,48,2,N,Y,Y,N,N,N
78353540,2023-10-05T14:00:53.000,K6,BROOKLYN,360,240,120,3,N,Y,Y,N,N,N
78353885,2023-10-05T15:00:17.000,K7,BROOKLYN,372,351,21,3,N,Y,Y,N,N,N
78353886,2023-10-05T15:00:19.000,Q6,QUEENS,3698,3694,4,5,N,Y,Y,N,N,N
78353887,2023-10-05T15:00:47.000,M7,MANHATTAN,2677,1553,1124,5,Y,Y,Y,N,N,N
78354201,2023-10-05T16:00:15.000,K1,BROOKLYN,311,297,14,3,N,Y,Y,N,N,N
78354202,2023-10-05T16:00:19.000,M3,MANHATTAN,1493,368,1125,3,Y,Y,Y,N,N,N
78354203,2023-10-05T16:00:32.000,Q2,QUEENS,1514,1493,21,6,N,Y,Y,N,N,N
78354503,2023-10-05T17:00:14.000,K4,BROOKLYN,711,546,165,4,N,Y,Y,N,N,N
78354504,2023-10-05T17:00:47.000,M3,MANHATTAN,641,568,73,4,Y,Y,Y,N,N,N
78354505,2023-10-05T17:00:59.000,B3,BRONX,466,326,140,6,N,Y,Y,N,N,N
78354809,2023-10-05T18:00:34.000,M9,MANHATTAN,277,269,8,2,N,Y,Y,N,N,N
78354810,2023-10-05T18:00:43.000,K7,BROOKLYN,1109,1093,16,6,N,Y,Y,N,N,N
78354811,2023-10-05T18:00:43.000,K1,BROOKLYN,613,603,10,3,N,Y,Y,N,N,N
78355119,2023-10-05T19:00:38.000,B5,BRONX,5955,2487,3468,5,Y,Y,Y,N,N,N
78355120,2023-10-05T19:01:14.000,M3,MANHATTAN,1115,985,130,3,Y,Y,Y,N,N,N
78355122,2023-10-05T19:01:28.000,K7,BROOKLYN,3088,2268,820,7,Y,Y,Y,N,N,N
78355378,2023-10-05T20:00:22.000,K4,BROOKLYN,427,414,13,4,N,Y,Y,N,N,N
78355379,2023-10-05T20:00:36.000,K7,BROOKLYN,794,745,49,5,N,Y,Y,N,N,N
78355380,2023-10-05T20:00:42.000,Q7,QUEENS,778,696,82,5,N,Y,Y,N,N,N
78355626,2023-10-05T21:00:19.000,Q2,QUEENS,1224,1049,175,7,N,Y,Y,N,N,N
78355627,2023-10-05T21:00:34.000,B1,BRONX,312,269,43,6,N,Y,Y,N,N,N
78355628,2023-10-05T21:00:35.000,M2,MANHATTAN,706,696,10,5,N,Y,Y,N,N,N
78355857,2023-10-05T22:00:16.000,Q3,QUEENS,504,479,25,2,N,Y,Y,N,N,N
78355858,2023-10-05T22:00:43.000,B3,BRONX,513,499,14,4,N,Y,Y,N,N,N
78355859,2023-10-05T22:00:57.000,K2,BROOKLYN,348,332,16,4,N,Y,Y,N,N,N
78356104,2023-10-05T23:00:10.000,Q7,QUEENS,578,541,37,2,N,Y,Y,N,N,N
78356105,2023-10-05T23:00:16.000,B5,BRONX,469,445,24,4,N,Y,Y,N,N,N
78356106,2023-10-05T23:00:23.000,Q2,QUEENS,294,264,30,4,N,Y,Y,N,N,N
78356301,2023-10-06T00:00:31.000,B5,BRONX,342,327,15,6,N,Y,Y,N,N,N
78356302,2023-10-06T00:01:46.000,Q1,QUEENS,404,384,20,5,N,Y,Y,N,N,N
78356303,2023-10-06T00:01:57.000,M2,MANHATTAN,257,212,45,5,N,Y,Y,N,N,N
78356464,2023-10-06T01:00:43.000,Q7,QUEENS,502,483,19,2,N,Y,Y,N,N,N
78356465,2023-10-06T01:00:56.000,B1,BRONX,489,441,48,3,N,Y,Y,N,N,N
78356466,2023-10-06T01:01:10.000,K2,BROOKLYN,497,489,8,7,N,Y,Y,N,N,N
78356620,2023-10-06T02:00:16.000,Q7,QUEENS,691,655,36,6,N,Y,Y,N,N,N
78356621,2023-10-06T02:00:54.000,K6,BROOKLYN,450,438,12,4,N,Y,Y,N,N,N
78356622,2023-10-06T02:00:59.000,K4,BROOKLYN,350,339,11,5,N,Y,Y,N,N,N
78356757,2023-10-06T03:01:02.000,K5,BROOKLYN,545,466,79,3,N,Y,Y,N,N,N
78356758,2023-10-06T03:01:25.000,B5,BRONX,420,408,12,4,N,Y,Y,N,N,N
78356759,2023-10-06T03:02:04.000,B2,BRONX,348,298,50,2,N,Y,Y,N,N,N
78356862,2023-10-06T04:00:09.000,Q3,QUEENS,586,569,17,5,N,Y,Y,N,N,N
78356863,2023-10-06T04:00:33.000,K5,BROOKLYN,252,244,8,5,N,Y,Y,N,N,N
78356864,2023-10-06T04:01:23.000,S1,RICHMOND / STATEN ISLAND,601,577,24,2,N,Y,Y,N,N,N
78356958,2023-10-06T05:00:09.000,Q6,QUEENS,253,237,16,5,N,Y,Y,N,N,N
78356959,2023-10-06T05:00:12.000,Q3,QUEENS,416,394,22,2,N,Y,Y,N,N,N
78356960,2023-10-06T05:03:41.000,K4,BROOKLYN,1084,1076,8,6,N,Y,Y,N,N,N
78357090,2023-10-06T06:00:14.000,Q6,QUEENS,94,86,8,5,N,Y,Y,N,N,N
78357091,2023-10-06T06:00:14.000,S3,RICHMOND / STATEN ISLAND,381,360,21,8,N,Y,Y,N,N,Y
78357092,2023-10-06T06:00:19.000,M2,MANHATTAN,403,359,44,4,N,Y,Y,N,N,N
78357223,2023-10-06T07:01:06.000,B1,BRONX,1410,547,863,5,Y,Y,Y,N,N,N
78357224,2023-10-06T07:02:08.000,K7,BROOKLYN,53,0,53,4,N,Y,Y,N,N,N
78357225,2023-10-06T07:02:24.000,K7,BROOKLYN,981,977,4,3,N,Y,Y,N,N,N
78357388,2023-10-06T08:00:13.000,B1,BRONX,252,215,37,2,N,Y,Y,N,N,N
78357390,2023-10-06T08:01:12.000,M8,MANHATTAN,595,569,26,4,N,Y,Y,N,N,N
78357391,2023-10-06T08:02:10.000,B1,BRONX,418,383,35,2,N,Y,Y,N,N,N
78357611,2023-10-06T09:00:11.000,M5,MANHATTAN,2633,1900,733,6,Y,Y,Y,N,N,N
78357612,2023-10-06T09:00:18.000,K6,BROOKLYN,567,449,118,4,N,Y,Y,N,N,N
78357613,2023-10-06T09:00:28.000,B5,BRONX,728,669,59,6,N,Y,Y,N,N,N
78357871,2023-10-06T10:00:14.000,K1,BROOKLYN,956,948,8,5,N,Y,Y,N,N,N
78357872,2023-10-06T10:00:59.000,Q6,QUEENS,1770,1758,12,4,N,Y,Y,N,N,N
78357873,2023-10-06T10:01:03.000,M7,MANHATTAN,117,100,17,2,N,Y,Y,N,N,N
78358170,2023-10-06T11:00:08.000,Q6,QUEENS,1472,611,861,5,Y,Y,Y,N,N,N
78358172,2023-10-06T11:00:55.000,B3,BRONX,820,691,129,6,N,Y,Y,N,N,N
78358174,2023-10-06T11:01:11.000,M5,MANHATTAN,353,301,52,3,N,Y,Y,N,N,N
78358468,2023-10-06T12:00:03.000,B1,BRONX,699,659,40,5,N,Y,Y,N,N,N
78358469,2023-10-06T12:00:40.000,B2,BRONX,909,906,3,5,N,Y,Y,N,N,N
78358470,2023-10-06T12:00:45.000,B2,BRONX,334,325,9,2,N,Y,Y,N,N,N
78358776,2023-10-06T13:00:05.000,K6,BROOKLYN,827,806,21,7,N,Y,Y,N,N,N
78358777,2023-10-06T13:00:45.000,Q6,QUEENS,397,152,245,2,N,Y,Y,N,N,N
78358778,2023-10-06T13:00:51.000,K1,BROOKLYN,1699,1646,53,7,N,Y,Y,N,N,N
78359071,2023-10-06T14:00:13.000,M9,MANHATTAN,128,101,27,2,N,Y,Y,N,N,N
78359072,2023-10-06T14:00:20.000,Q2,QUEENS,395,314,81,4,N,Y,Y,N,N,N
78359073,2023-10-06T14:00:36.000,Q2,QUEENS,466,396,70,4,N,Y,Y,N,N,N
78359380,2023-10-06T15:00:00.000,Q4,QUEENS,576,568,8,3,N,Y,Y,N,N,N
78359381,2023-10-06T15:00:08.000,K4,BROOKLYN,182,163,19,2,N,Y,Y,N,N,N
78359382,2023-10-06T15:00:24.000,Q7,QUEENS,251,242,9,5,N,Y,Y,N,N,N
78359664,2023-10-06T16:00:03.000,K3,BROOKLYN,332,294,38,2,N,Y,Y,N,N,N
78359665,2023-10-06T16:00:05.000,Q2,QUEENS,352,328,24,4,N,Y,Y,N,N,N
78359666,2023-10-06T16:00:08.000,B5,BRONX,311,286,25,5,N,Y,Y,N,N,N
78359959,2023-10-06T17:00:15.000,B1,BRONX,2520,641,1879,6,Y,Y,Y,N,N,N
78359960,2023-10-06T17:00:23.000,B3,BRONX,1387,1168,219,4,Y,Y,Y,N,N,N
78359963,2023-10-06T17:01:06.000,K5,BROOKLYN,1340,1236,104,4,Y,Y,Y,N,N,N
78360245,2023-10-06T18:00:09.000,M5,MANHATTAN,1061,944,117,4,N,Y,Y,N,N,N
78360246,2023-10-06T18:00:24.000,B1,BRONX,1047,797,250,5,Y,Y,Y,N,N,N
78360247,2023-10-06T18:00:30.000,M4,MANHATTAN,347,273,74,2,N,Y,Y,N,N,N
78360526,2023-10-06T19:00:00.000,M9,MANHATTAN,833,505,328,6,N,Y,Y,N,N,N
78360527,2023-10-06T19:00:14.000,Q4,QUEENS,3524,574,2950,5,Y,Y,Y,N,N,N
78360528,2023-10-06T19:00:43.000,Q7,QUEENS,473,438,35,3,N,Y,Y,N,N,N
78360826,2023-10-06T20:00:03.000,M8,MANHATTAN,360,243,117,2,N,Y,Y,N,N,N
78360827,2023-10-06T20:00:07.000,Q4,QUEENS,1042,1015,27,6,N,Y,Y,N,N,N
78360828,2023-10-06T20:00:14.000,M4,MANHATTAN,941,366,575,5,Y,Y,Y,N,N,N
78361106,2023-10-06T21:00:34.000,Q1,QUEENS,302,241,61,2,N,Y,Y,N,N,N
78361107,2023-10-06T21:00:40.000,B5,BRONX,628,557,71,4,N,Y,Y,N,N,N
78361108,2023-10-06T21:00:48.000,M2,MANHATTAN,843,717,126,6,N,Y,Y,N,N,N
78361365,2023-10-06T22:00:42.000,Q2,QUEENS,594,567,27,2,N,Y,Y,N,N,N
78361366,2023-10-06T22:01:36.000,B5,BRONX,395,244,151,7,Y,Y,Y,N,N,N
78361367,2023-10-06T22:01:57.000,M2,MANHATTAN,378,304,74,3,N,Y,Y,N,N,N
78361622,2023-10-06T23:00:00.000,K6,BROOKLYN,731,709,22,6,N,Y,Y,N,N,N
78361623,2023-10-06T23:00:04.000,B3,BRONX,579,540,39,6,N,Y,Y,N,N,N
78361624,2023-10-06T23:00:19.000,K6,BROOKLYN,276,238,38,2,N,Y,Y,N,N,N
78361861,2023-10-07T00:00:46.000,M8,MANHATTAN,932,883,49,7,Y,Y,Y,N,N,N
78361863,2023-10-07T00:00:58.000,B2,BRONX,403,279,124,3,N,Y,Y,N,N,N
78361865,2023-10-07T00:01:11.000,B1,BRONX,135,8,127,4,N,Y,Y,N,N,N
78362076,2023-10-07T01:00:18.000,K1,BROOKLYN,340,329,11,5,N,Y,Y,N,N,N
78362077,2023-10-07T01:00:24.000,K4,BROOKLYN,963,943,20,7,N,Y,Y,N,N,N
78362079,2023-10-07T01:00:54.000,B4,BRONX,448,382,66,5,N,Y,Y,N,N,N
78362270,2023-10-07T02:00:27.000,B3,BRONX,413,408,5,3,N,Y,Y,N,N,N
78362272,2023-10-07T02:01:40.000,Q2,QUEENS,309,151,158,2,N,Y,Y,N,N,N
78362273,2023-10-07T02:01:47.000,Q2,QUEENS,510,327,183,2,N,Y,Y,N,N,N
78362472,2023-10-07T03:00:14.000,B5,BRONX,423,410,13,6,N,Y,Y,N,N,N
78362473,2023-10-07T03:01:31.000,K7,BROOKLYN,734,730,4,4,N,Y,Y,N,N,N
78362474,2023-10-07T03:01:38.000,Q6,QUEENS,1848,1777,71,7,N,Y,Y,N,N,N
78362624,2023-10-07T04:00:01.000,B2,BRONX,364,348,16,4,N,Y,Y,N,N,N
78362627,2023-10-07T04:00:40.000,M4,MANHATTAN,741,728,13,5,N,Y,Y,N,N,N
78362628,2023-10-07T04:00:52.000,Q6,QUEENS,1111,1099,12,5,N,Y,Y,N,N,N
78362779,2023-10-07T05:00:30.000,M2,MANHATTAN,399,385,14,6,N,Y,Y,N,N,N
78362780,2023-10-07T05:01:00.000,B2,BRONX,350,344,6,2,N,Y,Y,N,N,N
78362785,2023-10-07T05:03:39.000,K3,BROOKLYN,764,732,32,2,N,Y,Y,N,N,N
78362903,2023-10-07T06:00:23.000,Q6,QUEENS,2192,1270,922,4,Y,Y,Y,N,N,N
78362905,2023-10-07T06:00:39.000,B1,BRONX,304,292,12,2,N,Y,Y,N,N,N
78362907,2023-10-07T06:01:45.000,M8,MANHATTAN,290,280,10,3,N,Y,Y,N,N,N
78363047,2023-10-07T07:00:04.000,B3,BRONX,539,532,7,3,N,Y,Y,N,N,N
78363049,2023-10-07T07:01:08.000,M5,MANHATTAN,21,0,21,4,N,Y,Y,N,N,N
78363050,2023-10-07T07:01:44.000,Q6,QUEENS,1711,650,1061,5,Y,Y,Y,N,N,N
78363188,2023-10-07T08:00:08.000,K4,BROOKLYN,1741,1604,137,7,N,Y,Y,N,N,N
78363189,2023-10-07T08:00:11.000,Q2,QUEENS,928,621,307,2,Y,Y,Y,N,N,N
78363190,2023-10-07T08:00:34.000,K6,BROOKLYN,208,196,12,2,N,Y,Y,N,N,N
78363360,2023-10-07T09:00:39.000,Q4,QUEENS,371,360,11,4,N,Y,Y,N,N,N
78363361,2023-10-07T09:00:42.000,K1,BROOKLYN,666,623,43,6,N,Y,Y,N,N,N
78363362,2023-10-07T09:01:16.000,K3,BROOKLYN,363,344,19,4,N,Y,Y,N,N,N
78363588,2023-10-07T10:00:09.000,B1,BRONX,317,306,11,6,N,Y,Y,N,N,N
78363589,2023-10-07T10:00:17.000,B4,BRONX,499,450,49,3,N,Y,Y,N,N,N
78363590,2023-10-07T10:01:44.000,B2,BRONX,349,330,19,5,N,Y,Y,N,N,N
78363798,2023-10-07T11:00:49.000,Q1,QUEENS,335,321,14,5,N,Y,Y,N,N,N
78363800,2023-10-07T11:01:32.000,B1,BRONX,234,217,17,3,N,Y,Y,N,N,N
78363801,2023-10-07T11:01:53.000,M5,MANHATTAN,308,303,5,5,N,Y,Y,N,N,N
78364035,2023-10-07T12:00:03.000,K1,BROOKLYN,470,459,11,5,N,Y,Y,N,N,N
78364036,2023-10-07T12:00:17.000,M8,MANHATTAN,0,0,0,6,N,Y,Y,N,N,N
78364037,2023-10-07T12:00:35.000,Q3,QUEENS,360,335,25,6,N,Y,Y,N,N,N
78364280,2023-10-07T13:00:03.000,B1,BRONX,1044,932,112,6,N,Y,Y,N,N,N
78364282,2023-10-07T13:00:13.000,K6,BROOKLYN,182,175,7,2,N,Y,Y,N,N,N
78364283,2023-10-07T13:00:30.000,K6,BROOKLYN,406,395,11,6,N,Y,Y,N,N,N
78364529,2023-10-07T14:00:21.000,K7,BROOKLYN,1179,1157,22,7,N,Y,Y,N,N,N
78364530,2023-10-07T14:00:23.000,M7,MANHATTAN,413,343,70,6,N,Y,Y,N,N,N
78364531,2023-10-07T14:00:27.000,M3,MANHATTAN,298,240,58,3,N,Y,Y,N,N,N
78364765,2023-10-07T15:00:26.000,K4,BROOKLYN,880,859,21,4,N,Y,Y,N,N,N
78364766,2023-10-07T15:01:07.000,M3,MANHATTAN,623,605,18,4,N,Y,Y,N,N,N
78364767,2023-10-07T15:01:16.000,S1,RICHMOND / STATEN ISLAND,436,398,38,3,N,Y,Y,N,N,N
78364978,2023-10-07T16:00:46.000,M4,MANHATTAN,321,313,8,2,N,Y,Y,N,N,N
78364979,2023-10-07T16:00:48.000,K5,BROOKLYN,317,306,11,5,N,Y,Y,N,N,N
78364980,2023-10-07T16:01:22.000,M2,MANHATTAN,272,251,21,3,N,Y,Y,N,N,N
78365207,2023-10-07T17:00:52.000,M5,MANHATTAN,779,769,10,6,N,Y,Y,N,N,N
78365208,2023-10-07T17:02:04.000,B1,BRONX,915,543,372,7,Y,Y,Y,N,N,N
78365209,2023-10-07T17:02:13.000,K6,BROOKLYN,224,205,19,4,N,Y,Y,N,N,N
78365443,2023-10-07T18:01:03.000,B2,BRONX,2422,2144,278,6,Y,Y,Y,N,N,N
78365444,2023-10-07T18:01:17.000,K1,BROOKLYN,269,253,16,5,N,Y,Y,N,N,N
78365445,2023-10-07T18:01:26.000,B2,BRONX,2529,1995,534,7,Y,Y,Y,N,N,N
78365681,2023-10-07T19:00:22.000,S1,RICHMOND / STATEN ISLAND,182,169,13,3,N,Y,Y,N,N,N
78365682,2023-10-07T19:00:24.000,Q3,QUEENS,401,388,13,6,N,Y,Y,N,N,N
78365683,2023-10-07T19:00:24.000,K4,BROOKLYN,354,299,55,2,N,Y,Y,N,N,N
78365915,2023-10-07T20:00:49.000,K6,BROOKLYN,457,443,14,4,N,Y,Y,N,N,N
78365916,2023-10-07T20:01:06.000,Q2,QUEENS,919,909,10,5,N,Y,Y,N,N,N
78365917,2023-10-07T20:01:19.000,B1,BRONX,319,314,5,2,N,Y,Y,N,N,N
78366180,2023-10-07T21:00:13.000,K7,BROOKLYN,232,201,31,3,N,Y,Y,N,N,N
78366181,2023-10-07T21:00:23.000,Q1,QUEENS,779,735,44,6,N,Y,Y,N,N,N
78366182,2023-10-07T21:00:29.000,M9,MANHATTAN,417,392,25,2,N,Y,Y,N,N,N
78366418,2023-10-07T22:00:20.000,K5,BROOKLYN,276,255,21,3,N,Y,Y,N,N,N
78366419,2023-10-07T22:00:28.000,K6,BROOKLYN,323,302,21,3,N,Y,Y,N,N,N
78366420,2023-10-07T22:00:39.000,B4,BRONX,735,711,24,7,N,Y,Y,N,N,N
78366654,2023-10-07T23:00:50.000,M9,MANHATTAN,3305,277,3028,6,Y,Y,Y,N,N,N
78366656,2023-10-07T23:00:58.000,Q2,QUEENS,1530,1502,28,4,N,Y,Y,N,N,N
78366657,2023-10-07T23:01:10.000,M9,MANHATTAN,417,329,88,2,N,Y,Y,N,N,N
78366907,2023-10-08T00:00:08.000,S1,RICHMOND / STATEN ISLAND,14930,60,14870,8,N,Y,Y,Y,N,N
78366910,2023-10-08T00:01:07.000,Q6,QUEENS,485,481,4,4,N,Y,Y,N,N,N
78366911,2023-10-08T00:01:12.000,Q2,QUEENS,605,511,94,5,N,Y,Y,N,N,N
78367124,2023-10-08T01:00:05.000,M2,MANHATTAN,4562,441,4121,5,Y,Y,Y,N,N,N
78367125,2023-10-08T01:00:06.000,K7,BROOKLYN,385,356,29,6,N,Y,Y,N,N,N
78367126,2023-10-08T01:00:39.000,B3,BRONX,475,390,85,2,N,Y,Y,N,N,N
78367321,2023-10-08T02:00:51.000,B2,BRONX,1411,628,783,2,Y,Y,Y,N,N,N
78367322,2023-10-08T02:00:53.000,B2,BRONX,1057,775,282,3,Y,Y,Y,N,N,N
78367324,2023-10-08T02:01:05.000,Q1,QUEENS,490,456,34,6,N,Y,Y,N,N,N
78367504,2023-10-08T03:00:24.000,M9,MANHATTAN,1143,387,756,4,Y,Y,Y,N,N,N
78367505,2023-10-08T03:02:13.000,K2,BROOKLYN,295,286,9,4,N,Y,Y,N,N,N
78367506,2023-10-08T03:02:23.000,M2,MANHATTAN,1328,564,764,4,Y,Y,Y,N,N,N
78367643,2023-10-08T04:01:01.000,K1,BROOKLYN,608,602,6,6,N,Y,Y,N,N,N
78367645,2023-10-08T04:01:47.000,K7,BROOKLYN,742,646,96,2,N,Y,Y,N,N,N
78367646,2023-10-08T04:02:31.000,B3,BRONX,1097,485,612,5,Y,Y,Y,N,N,N
78367777,2023-10-08T05:00:14.000,M8,MANHATTAN,380,331,49,3,N,Y,Y,N,N,N
78367778,2023-10-08T05:01:10.000,K2,BROOKLYN,313,300,13,4,N,Y,Y,N,N,N
78367780,2023-10-08T05:01:41.000,M9,MANHATTAN,1088,375,713,2,Y,Y,Y,N,N,N
78367888,2023-10-08T06:00:42.000,K7,BROOKLYN,300,289,11,3,N,Y,Y,N,N,N
78367889,2023-10-08T06:01:27.000,K4,BROOKLYN,1022,919,103,2,N,Y,Y,N,N,N
78367891,2023-10-08T06:02:16.000,B5,BRONX,689,643,46,2,N,Y,Y,N,N,N
78368021,2023-10-08T07:00:03.000,K7,BROOKLYN,731,708,23,5,N,Y,Y,N,N,N
78368022,2023-10-08T07:00:37.000,B1,BRONX,3954,1633,2321,6,Y,Y,Y,N,N,N
78368023,2023-10-08T07:00:54.000,M4,MANHATTAN,576,526,50,7,N,Y,Y,N,N,N
78368152,2023-10-08T08:00:07.000,K1,BROOKLYN,434,392,42,3,N,Y,Y,N,N,N
78368153,2023-10-08T08:00:10.000,Q2,QUEENS,737,729,8,6,N,Y,Y,N,N,N
78368155,2023-10-08T08:02:52.000,K7,BROOKLYN,321,305,16,4,N,Y,Y,N,N,N
78368317,2023-10-08T09:00:02.000,B1,BRONX,447,387,60,2,Y,Y,Y,N,N,N
78368318,2023-10-08T09:01:07.000,M4,MANHATTAN,409,334,75,6,N,Y,Y,N,N,N
78368320,2023-10-08T09:01:28.000,M2,MANHATTAN,286,271,15,5,N,Y,Y,N,N,N
78368495,2023-10-08T10:00:46.000,Q4,QUEENS,278,267,11,2,N,Y,Y,N,N,N
78368496,2023-10-08T10:00:47.000,M9,MANHATTAN,395,384,11,3,N,Y,Y,N,N,N
78368497,2023-10-08T10:01:07.000,M3,MANHATTAN,520,511,9,4,Y,Y,Y,N,N,N
78368719,2023-10-08T11:00:00.000,M2,MANHATTAN,256,248,8,2,N,Y,Y,N,N,N
78368720,2023-10-08T11:00:08.000,K6,BROOKLYN,283,218,65,6,N,Y,Y,N,N,N
78368721,2023-10-08T11:00:58.000,B2,BRONX,697,686,11,4,N,Y,Y,N,N,N
78368918,2023-10-08T12:00:25.000,M1,MANHATTAN,225,207,18,2,N,Y,Y,N,N,N
78368919,2023-10-08T12:01:04.000,M5,MANHATTAN,755,676,79,4,N,Y,Y,N,N,N
78368920,2023-10-08T12:01:17.000,B2,BRONX,299,284,15,4,N,Y,Y,N,N,N
78369137,2023-10-08T13:00:10.000,Q5,QUEENS,333,258,75,4,N,Y,Y,N,N,N
78369138,2023-10-08T13:00:22.000,M1,MANHATTAN,573,541,32,3,N,Y,Y,N,N,N
78369139,2023-10-08T13:00:49.000,B5,BRONX,402,399,3,5,N,Y,Y,N,N,N
78369371,2023-10-08T14:00:17.000,M2,MANHATTAN,514,501,13,2,N,Y,Y,N,N,N
78369372,2023-10-08T14:00:25.000,M3,MANHATTAN,1112,1092,20,3,N,Y,Y,N,N,N
78369373,2023-10-08T14:00:27.000,K1,BROOKLYN,422,417,5,2,N,Y,Y,N,N,N
78369583,2023-10-08T15:00:44.000,M8,MANHATTAN,1016,673,343,7,Y,Y,Y,N,N,N
78369584,2023-10-08T15:00:57.000,M7,MANHATTAN,389,380,9,6,N,Y,Y,N,N,N
78369585,2023-10-08T15:01:02.000,B3,BRONX,303,267,36,4,N,Y,Y,N,N,N
78369778,2023-10-08T16:00:02.000,B1,BRONX,262,226,36,5,N,Y,Y,Y,N,N
78369779,2023-10-08T16:00:15.000,K7,BROOKLYN,476,470,6,3,N,Y,Y,N,N,N
78369780,2023-10-08T16:00:25.000,K7,BROOKLYN,76,60,16,7,N,Y,Y,N,N,N
78370029,2023-10-08T17:00:22.000,B2,BRONX,361,234,127,1,N,Y,Y,N,N,N
78370030,2023-10-08T17:00:29.000,K1,BROOKLYN,465,431,34,5,N,Y,Y,N,N,N
78370031,2023-10-08T17:00:38.000,B5,BRONX,364,310,54,6,N,Y,Y,N,N,N
78370288,2023-10-08T18:00:28.000,K7,BROOKLYN,838,736,102,7,N,Y,Y,N,N,N
78370290,2023-10-08T18:01:11.000,Q6,QUEENS,1176,1122,54,5,N,Y,Y,N,N,N
78370291,2023-10-08T18:01:18.000,K4,BROOKLYN,979,630,349,3,Y,Y,Y,N,N,N
78370509,2023-10-08T19:00:12.000,M9,MANHATTAN,739,381,358,5,Y,Y,Y,N,N,N
78370510,2023-10-08T19:00:23.000,Q2,QUEENS,498,491,7,2,N,Y,Y,N,N,N
78370511,2023-10-08T19:00:26.000,K4,BROOKLYN,1107,932,175,7,N,Y,Y,N,N,N
78370748,2023-10-08T20:00:31.000,K2,BROOKLYN,368,338,30,3,N,Y,Y,N,N,N
78370749,2023-10-08T20:00:44.000,Q2,QUEENS,377,311,66,2,N,Y,Y,N,N,N
78370750,2023-10-08T20:00:59.000,K4,BROOKLYN,1291,1272,19,3,N,Y,Y,N,N,N
78370991,2023-10-08T21:00:05.000,S1,RICHMOND / STATEN ISLAND,1220,951,269,7,Y,Y,Y,N,N,N
78370992,2023-10-08T21:00:10.000,B2,BRONX,763,405,358,7,Y,Y,Y,N,N,N
78370993,2023-10-08T21:00:17.000,Q2,QUEENS,378,347,31,4,N,Y,Y,N,N,N
78371249,2023-10-08T22:00:46.000,B1,BRONX,172,161,11,6,N,Y,Y,N,N,N
78371250,2023-10-08T22:01:17.000,B5,BRONX,800,240,560,4,Y,Y,Y,N,N,N
78371251,2023-10-08T22:01:20.000,K2,BROOKLYN,424,417,7,7,N,Y,Y,N,N,N
78371470,2023-10-08T23:00:03.000,M7,MANHATTAN,0,0,0,4,N,Y,Y,N,N,N
78371471,2023-10-08T23:00:26.000,M9,MANHATTAN,2436,829,1607,7,Y,Y,Y,N,N,N
78371472,2023-10-08T23:00:37.000,K1,BROOKLYN,462,347,115,6,N,Y,Y,N,N,N
