date_hour,temperature_2m,precipitation,weathercode
2023-10-02 00:00:00,17.2,0.0,0
2023-10-02 01:00:00,17.2,0.0,0
2023-10-02 02:00:00,17.2,0.0,0
2023-10-02 03:00:00,17.3,0.0,0
2023-10-02 04:00:00,17.0,0.0,0
2023-10-02 05:00:00,16.5,0.0,0
2023-10-02 06:00:00,16.1,0.0,0
2023-10-02 07:00:00,15.8,0.0,1
2023-10-02 08:00:00,17.0,0.0,1
2023-10-02 09:00:00,19.0,0.0,1
2023-10-02 10:00:00,21.0,0.0,3
2023-10-02 11:00:00,22.7,0.0,3
2023-10-02 12:00:00,24.0,0.0,3
2023-10-02 13:00:00,25.0,0.0,3
2023-10-02 14:00:00,24.9,0.0,2
2023-10-02 15:00:00,25.2,0.0,1
2023-10-02 16:00:00,25.4,0.0,0
2023-10-02 17:00:00,24.9,0.0,0
2023-10-02 18:00:00,22.8,0.0,0
2023-10-02 19:00:00,21.8,0.0,0
2023-10-02 20:00:00,17.8,0.0,0
2023-10-02 21:00:00,17.1,0.0,0
2023-10-02 22:00:00,16.0,0.0,0
2023-10-02 23:00:00,16.7,0.0,0
2023-10-03 00:00:00,14.8,0.0,0
2023-10-03 01:00:00,15.1,0.0,3
2023-10-03 02:00:00,14.5,0.0,3
2023-10-03 03:00:00,13.9,0.0,3
2023-10-03 04:00:00,13.4,0.0,3
2023-10-03 05:00:00,13.8,0.0,3
2023-10-03 06:00:00,13.6,0.0,3
2023-10-03 07:00:00,13.4,0.0,3
2023-10-03 08:00:00,13.1,0.0,3
2023-10-03 09:00:00,15.9,0.0,3
2023-10-03 10:00:00,19.1,0.0,0
2023-10-03 11:00:00,22.5,0.0,0
2023-10-03 12:00:00,24.7,0.0,0
2023-10-03 13:00:00,26.0,0.0,0
2023-10-03 14:00:00,26.7,0.0,0
2023-10-03 15:00:00,27.2,0.0,0
2023-10-03 16:00:00,27.4,0.0,0
2023-10-03 17:00:00,26.9,0.0,0
2023-10-03 18:00:00,24.0,0.0,0
2023-10-03 19:00:00,20.6,0.0,0
2023-10-03 20:00:00,20.0,0.0,0
2023-10-03 21:00:00,19.0,0.0,0
2023-10-03 22:00:00,18.4,0.0,0
2023-10-03 23:00:00,18.0,0.0,0
2023-10-04 00:00:00,17.4,0.0,0
2023-10-04 01:00:00,17.1,0.0,0
2023-10-04 02:00:00,17.0,0.0,0
2023-10-04 03:00:00,16.3,0.0,0
2023-10-04 04:00:00,15.6,0.0,0
2023-10-04 05:00:00,15.3,0.0,0
2023-10-04 06:00:00,15.1,0.0,3
2023-10-04 07:00:00,14.9,0.0,3
2023-10-04 08:00:00,16.8,0.0,3
2023-10-04 09:00:00,19.0,0.0,1
2023-10-04 10:00:00,21.5,0.0,1
2023-10-04 11:00:00,24.1,0.0,0
2023-10-04 12:00:00,26.0,0.0,0
2023-10-04 13:00:00,27.1,0.0,0
2023-10-04 14:00:00,27.8,0.0,0
2023-10-04 15:00:00,27.8,0.0,0
2023-10-04 16:00:00,26.5,0.0,0
2023-10-04 17:00:00,24.6,0.0,0
2023-10-04 18:00:00,22.5,0.0,0
2023-10-04 19:00:00,19.9,0.0,0
2023-10-04 20:00:00,18.2,0.0,0
2023-10-04 21:00:00,17.8,0.0,0
2023-10-04 22:00:00,17.0,0.0,0
2023-10-04 23:00:00,16.4,0.0,0
2023-10-05 00:00:00,16.2,0.0,0
2023-10-05 01:00:00,15.4,0.0,0
2023-10-05 02:00:00,15.2,0.0,0
2023-10-05 03:00:00,14.6,0.0,0
2023-10-05 04:00:00,13.6,0.0,0
2023-10-05 05:00:00,13.1,0.0,0
2023-10-05 06:00:00,13.4,0.0,3
2023-10-05 07:00:00,13.1,0.0,3
2023-10-05 08:00:00,14.1,0.0,3
2023-10-05 09:00:00,15.6,0.0,2
2023-10-05 10:00:00,18.0,0.0,0
2023-10-05 11:00:00,20.6,0.0,0
2023-10-05 12:00:00,22.6,0.0,0
2023-10-05 13:00:00,23.9,0.0,0
2023-10-05 14:00:00,24.0,0.0,2
2023-10-05 15:00:00,23.0,0.0,2
2023-10-05 16:00:00,22.1,0.0,1
2023-10-05 17:00:00,21.0,0.0,0
2023-10-05 18:00:00,19.5,0.0,3
2023-10-05 19:00:00,17.8,0.0,3
2023-10-05 20:00:00,18.9,0.0,3
2023-10-05 21:00:00,18.5,0.0,3
2023-10-05 22:00:00,18.0,0.0,3
2023-10-05 23:00:00,17.7,0.0,3
2023-10-06 00:00:00,17.5,0.0,3
2023-10-06 01:00:00,17.6,0.0,3
2023-10-06 02:00:00,17.9,0.0,3
2023-10-06 03:00:00,18.0,0.0,3
2023-10-06 04:00:00,18.3,0.0,3
2023-10-06 05:00:00,18.4,0.0,3
2023-10-06 06:00:00,18.6,0.0,3
2023-10-06 07:00:00,18.7,0.3,51
2023-10-06 08:00:00,19.5,0.1,51
2023-10-06 09:00:00,20.5,0.0,3
2023-10-06 10:00:00,21.0,0.3,51
2023-10-06 11:00:00,21.5,0.1,51
2023-10-06 12:00:00,21.5,0.0,3
2023-10-06 13:00:00,22.0,0.1,51
2023-10-06 14:00:00,22.5,0.3,51
2023-10-06 15:00:00,22.0,0.2,51
2023-10-06 16:00:00,21.8,0.0,3
2023-10-06 17:00:00,21.2,0.0,3
2023-10-06 18:00:00,20.5,0.0,3
2023-10-06 19:00:00,19.9,0.1,51
2023-10-06 20:00:00,19.8,0.1,51
2023-10-06 21:00:00,19.6,0.8,53
2023-10-06 22:00:00,19.0,0.2,51
2023-10-06 23:00:00,18.7,0.0,3
2023-10-07 00:00:00,18.4,0.5,53
2023-10-07 01:00:00,18.1,11.1,65
2023-10-07 02:00:00,18.0,5.4,63
2023-10-07 03:00:00,17.9,0.4,51
2023-10-07 04:00:00,17.5,8.2,65
2023-10-07 05:00:00,17.6,12.9,65
2023-10-07 06:00:00,17.7,0.4,51
2023-10-07 07:00:00,17.7,2.8,63
2023-10-07 08:00:00,18.8,5.5,63
2023-10-07 09:00:00,19.0,4.4,63
2023-10-07 10:00:00,19.1,2.0,61
2023-10-07 11:00:00,20.0,0.4,51
2023-10-07 12:00:00,19.5,0.3,51
2023-10-07 13:00:00,20.6,0.2,51
2023-10-07 14:00:00,19.7,3.3,63
2023-10-07 15:00:00,17.4,1.2,55
2023-10-07 16:00:00,17.1,0.1,51
2023-10-07 17:00:00,16.5,0.2,51
2023-10-07 18:00:00,15.2,0.7,53
2023-10-07 19:00:00,14.4,0.4,51
2023-10-07 20:00:00,13.4,0.0,0
2023-10-07 21:00:00,12.9,0.0,0
2023-10-07 22:00:00,12.0,0.0,0
2023-10-07 23:00:00,11.8,0.0,0
2023-10-08 00:00:00,11.7,0.0,0
2023-10-08 01:00:00,11.5,0.0,0
2023-10-08 02:00:00,11.1,0.0,0
2023-10-08 03:00:00,10.6,0.0,0
2023-10-08 04:00:00,10.2,0.0,0
2023-10-08 05:00:00,9.9,0.0,0
2023-10-08 06:00:00,9.6,0.0,0
2023-10-08 07:00:00,9.4,0.0,0
2023-10-08 08:00:00,10.6,0.0,0
2023-10-08 09:00:00,12.1,0.0,0
2023-10-08 10:00:00,14.1,0.0,2
2023-10-08 11:00:00,15.1,0.0,2
2023-10-08 12:00:00,15.9,0.0,2
2023-10-08 13:00:00,16.5,0.0,1
2023-10-08 14:00:00,16.9,0.0,1
2023-10-08 15:00:00,16.6,0.0,2
2023-10-08 16:00:00,16.1,0.0,2
2023-10-08 17:00:00,15.9,0.0,2
2023-10-08 18:00:00,14.6,0.0,0
2023-10-08 19:00:00,13.2,0.0,0
2023-10-08 20:00:00,12.2,0.0,3
2023-10-08 21:00:00,12.1,0.0,3
2023-10-08 22:00:00,11.6,0.0,3
2023-10-08 23:00:00,11.3,0.0,3
